player,first,last,name,position1,start
TB-2300,Tom,Brady,Tom Brady,QB,2000
DB-3800,Drew,Brees,Drew Brees,QB,2001
JM-2900,Josh,McCown,Josh McCown,QB,2002
BR-1100,Ben,Roethlisberger,Ben Roethlisberger,QB,2004
EM-0200,Eli,Manning,Eli Manning,QB,2004
MS-0200,Matt,Schaub,Matt Schaub,QB,2004
PR-0300,Philip,Rivers,Philip Rivers,QB,2004
AR-1300,Aaron,Rodgers,Aaron Rodgers,QB,2005
RF-0500,Ryan,Fitzpatrick,Ryan Fitzpatrick,QB,2005
MM-4700,Matt,Moore,Matt Moore,QB,2007
JF-1900,Joe,Flacco,Joe Flacco,QB,2008
MR-2500,Matt,Ryan,Matt Ryan,QB,2008
BH-1900,Brian,Hoyer,Brian Hoyer,QB,2009
CD-0300,Chase,Daniel,Chase Daniel,QB,2009
MS-4100,Matthew,Stafford,Matthew Stafford,QB,2009
CM-1500,Colt,McCoy,Colt McCoy,QB,2010
AD-0100,Andy,Dalton,Andy Dalton,QB,2011
CN-0500,Cam,Newton,Cam Newton,QB,2011
TT-0500,Tyrod,Taylor,Tyrod Taylor,QB,2011
AT-0160,Alex,Tanney,Alex Tanney,QB,2012
CK-0250,Case,Keenum,Case Keenum,QB,2012
KC-2350,Kirk,Cousins,Kirk Cousins,QB,2012
NF-0250,Nick,Foles,Nick Foles,QB,2012
RG-1850,Robert,Griffin,Robert Griffin,QB,2012
RT-0150,Ryan,Tannehill,Ryan Tannehill,QB,2012
RW-3850,Russell,Wilson,Russell Wilson,QB,2012
MB-0450,Matt,Barkley,Matt Barkley,QB,2013
MG-0850,Mike,Glennon,Mike Glennon,QB,2013
RG-1885,Ryan,Griffin,Ryan Griffin,QB,2013
AM-1150,A.J.,McCarron,A.J. McCarron,QB,2014
BB-2425,Blake,Bortles,Blake Bortles,QB,2014
DC-0725,Derek,Carr,Derek Carr,QB,2014
GG-0310,Garrett,Gilbert,Garrett Gilbert,QB,2014
JG-0650,Jimmy,Garoppolo,Jimmy Garoppolo,QB,2014
TB-2650,Teddy,Bridgewater,Teddy Bridgewater,QB,2014
BH-2300,Brett,Hundley,Brett Hundley,QB,2015
JW-5650,Jameis,Winston,Jameis Winston,QB,2015
MM-0912,Marcus,Mariota,Marcus Mariota,QB,2015
SM-0425,Sean,Mannion,Sean Mannion,QB,2015
TS-1450,Trevor,Siemian,Trevor Siemian,QB,2015
BA-0375,Brandon,Allen,Brandon Allen,QB,2016
CW-1425,Carson,Wentz,Carson Wentz,QB,2016
DP-2037,Dak,Prescott,Dak Prescott,QB,2016
JB-5725,Jacoby,Brissett,Jacoby Brissett,QB,2016
JD-2850,Jeff,Driskel,Jeff Driskel,QB,2016
JG-1850,Jared,Goff,Jared Goff,QB,2016
DW-1725,Deshaun,Watson,Deshaun Watson,QB,2017
MT-1800,Mitchell,Trubisky,Mitchell Trubisky,QB,2017
NM-0687,Nick,Mullens,Nick Mullens,QB,2017
PM-0025,Patrick,Mahomes,Patrick Mahomes,QB,2017
TH-1625,Taysom,Hill,Taysom Hill,QB,2017
BM-0650,Baker,Mayfield,Baker Mayfield,QB,2018
JA-1087,Josh,Allen,Josh Allen,QB,2018
JR-3250,Josh,Rosen,Josh Rosen,QB,2018
KA-0737,Kyle,Allen,Kyle Allen,QB,2018
LF-0025,Luke,Falk,Luke Falk,QB,2018
LJ-0150,Lamar,Jackson,Lamar Jackson,QB,2018
MR-2350,Mason,Rudolph,Mason Rudolph,QB,2018
SD-0175,Sam,Darnold,Sam Darnold,QB,2018
TB-2093,Tim,Boyle,Tim Boyle,QB,2018
DS-3300,Darren,Sproles,Darren Sproles,RB,2005
FG-0200,Frank,Gore,Frank Gore,RB,2005
AP-0700,Adrian,Peterson,Adrian Peterson,RB,2007
ML-2500,Marshawn,Lynch,Marshawn Lynch,RB,2007
LM-1000,LeSean,McCoy,LeSean McCoy,RB,2009
JD-1650,James,Develin,James Develin,RB,2010
AS-0900,Anthony,Sherman,Anthony Sherman,RB,2011
BP-1200,Bilal,Powell,Bilal Powell,RB,2011
DL-1700,Dion,Lewis,Dion Lewis,RB,2011
MI-0100,Mark,Ingram,Mark Ingram,RB,2011
NB-0200,Nick,Bellore,Nick Bellore,RB,2011
PD-0700,Patrick,DiMarco,Patrick DiMarco,RB,2011
TJ-2400,Taiwan,Jones,Taiwan Jones,RB,2011
AM-2850,Alfred,Morris,Alfred Morris,RB,2012
BB-2250,Brandon,Bolden,Brandon Bolden,RB,2012
JO-0550,Jamize,Olawale,Jamize Olawale,RB,2012
CA-0750,C.J.,Anderson,C.J. Anderson,RB,2013
CT-1220,Chris,Thompson,Chris Thompson,RB,2013
GB-0350,Giovani,Bernard,Giovani Bernard,RB,2013
KB-0350,Kenjon,Barner,Kenjon Barner,RB,2013
KJ-1400,Kyle,Juszczyk,Kyle Juszczyk,RB,2013
LB-0250,Le'Veon,Bell,Le'Veon Bell,RB,2013
LM-1850,Latavius,Murray,Latavius Murray,RB,2013
RB-4670,Rex,Burkhead,Rex Burkhead,RB,2013
SW-0350,Spencer,Ware,Spencer Ware,RB,2013
ZL-0200,Zach,Line,Zach Line,RB,2013
CH-5000,Carlos,Hyde,Carlos Hyde,RB,2014
DF-1875,Devonta,Freeman,Devonta Freeman,RB,2014
DW-3125,Damien,Williams,Damien Williams,RB,2014
JW-2550,James,White,James White,RB,2014
KS-1450,Keith,Smith,Keith Smith,RB,2014
RN-1250,Roosevelt,Nix,Roosevelt Nix,RB,2014
SP-0850,Senorise,Perry,Senorise Perry,RB,2014
AA-0025,Ameer,Abdullah,Ameer Abdullah,RB,2015
DJ-1325,David,Johnson,David Johnson,RB,2015
DJ-1850,Duke,Johnson,Duke Johnson,RB,2015
JA-0450,Jay,Ajayi,Jay Ajayi,RB,2015
JA-1025,Javorius,Allen,Javorius Allen,RB,2015
MB-3862,Malcolm,Brown,Malcolm Brown,RB,2015
MB-5175,Mike,Burton,Mike Burton,RB,2015
MD-0150,Mike,Davis,Mike Davis,RB,2015
MG-1150,Melvin,Gordon,Melvin Gordon,RB,2015
RM-5050,Raheem,Mostert,Raheem Mostert,RB,2015
TC-2050,Tevin,Coleman,Tevin Coleman,RB,2015
TG-1950,Todd,Gurley,Todd Gurley,RB,2015
TM-3150,Ty,Montgomery,Ty Montgomery,RB,2015
TY-0150,T.J.,Yeldon,T.J. Yeldon,RB,2015
ZZ-0100,Zach,Zenner,Zach Zenner,RB,2015
AJ-0375,Andy,Janovich,Andy Janovich,RB,2016
CH-0525,C.J.,Ham,C.J. Ham,RB,2016
CP-2550,C.J.,Prosise,C.J. Prosise,RB,2016
DB-2950,Devontae,Booker,Devontae Booker,RB,2016
DF-1375,D.J.,Foster,D.J. Foster,RB,2016
DH-2450,Derrick,Henry,Derrick Henry,RB,2016
DV-0550,Dan,Vitale,Dan Vitale,RB,2016
DW-1350,DeAndre,Washington,DeAndre Washington,RB,2016
DW-1550,Dwayne,Washington,Dwayne Washington,RB,2016
DW-1750,Derek,Watt,Derek Watt,RB,2016
EE-0250,Ezekiel,Elliott,Ezekiel Elliott,RB,2016
EP-0350,Elijhaa,Penny,Elijhaa Penny,RB,2016
JF-1250,Josh,Ferguson,Josh Ferguson,RB,2016
JH-5575,Jordan,Howard,Jordan Howard,RB,2016
JR-2075,Jalen,Richard,Jalen Richard,RB,2016
JW-4625,Jonathan,Williams,Jonathan Williams,RB,2016
KD-1462,Kenyan,Drake,Kenyan Drake,RB,2016
PB-0125,Peyton,Barber,Peyton Barber,RB,2016
PP-0350,Paul,Perkins,Paul Perkins,RB,2016
TC-0450,Tra,Carson,Tra Carson,RB,2016
TE-0350,Tyler,Ervin,Tyler Ervin,RB,2016
TP-1950,Troymaine,Pope,Troymaine Pope,RB,2016
WS-0650,Wendell,Smallwood,Wendell Smallwood,RB,2016
AA-0557,Alex,Armah,Alex Armah,RB,2017
AE-0550,Austin,Ekeler,Austin Ekeler,RB,2017
AJ-1143,Aaron,Jones,Aaron Jones,RB,2017
AK-0050,Alvin,Kamara,Alvin Kamara,RB,2017
BH-1225,Brian,Hill,Brian Hill,RB,2017
CC-0750,Chris,Carson,Chris Carson,RB,2017
CC-2350,Corey,Clement,Corey Clement,RB,2017
CM-1225,Christian,McCaffrey,Christian McCaffrey,RB,2017
DC-3550,Dalvin,Cook,Dalvin Cook,RB,2017
DO-0025,Dare,Ogunbowale,Dare Ogunbowale,RB,2017
JC-4075,James,Conner,James Conner,RB,2017
JM-5275,Joe,Mixon,Joe Mixon,RB,2017
JW-3650,Jamaal,Williams,Jamaal Williams,RB,2017
KH-2850,Kareem,Hunt,Kareem Hunt,RB,2017
LF-0650,Leonard,Fournette,Leonard Fournette,RB,2017
MB-3537,Matt,Breida,Matt Breida,RB,2017
MM-0050,Marlon,Mack,Marlon Mack,RB,2017
PR-0125,Patrick,Ricard,Patrick Ricard,RB,2017
RO-0550,Ricky,Ortiz,Ricky Ortiz,RB,2017
SP-0825,Samaje,Perine,Samaje Perine,RB,2017
TC-1975,Tarik,Cohen,Tarik Cohen,RB,2017
TE-0025,Trey,Edmunds,Trey Edmunds,RB,2017
TL-1037,T.J.,Logan,T.J. Logan,RB,2017
WG-0050,Wayne,Gallman,Wayne Gallman,RB,2017
BS-0825,Bo,Scarbrough,Bo Scarbrough,RB,2018
BS-1450,Boston,Scott,Boston Scott,RB,2018
CE-0175,Chase,Edmonds,Chase Edmonds,RB,2018
DD-0681,Dalyn,Dawkins,Dalyn Dawkins,RB,2018
DG-3200,Derrius,Guice,Derrius Guice,RB,2018
DH-3137,Dontrell,Hilliard,Dontrell Hilliard,RB,2018
DT-1992,De'Lance,Turner,De'Lance Turner,RB,2018
DW-3243,Darrel,Williams,Darrel Williams,RB,2018
GE-0150,Gus,Edwards,Gus Edwards,RB,2018
GH-1162,Gregory,Howell,Gregory Howell,RB,2018
IS-0250,Ito,Smith,Ito Smith,RB,2018
JA-0275,Josh,Adams,Josh Adams,RB,2018
JJ-0575,Justin,Jackson,Justin Jackson,RB,2018
JK-0775,John,Kelly,John Kelly,RB,2018
JS-0280,Jaylen,Samuels,Jaylen Samuels,RB,2018
JW-3325,Jordan,Wilkins,Jordan Wilkins,RB,2018
JW-4975,Jeff,Wilson,Jeff Wilson,RB,2018
KB-0150,Kalen,Ballage,Kalen Ballage,RB,2018
KJ-0587,Kerryon,Johnson,Kerryon Johnson,RB,2018
MB-2950,Mike,Boone,Mike Boone,RB,2018
MW-0650,Mark,Walton,Mark Walton,RB,2018
NB-0125,Nick,Bawden,Nick Bawden,RB,2018
NC-0175,Nick,Chubb,Nick Chubb,RB,2018
NH-1237,Nyheim,Hines,Nyheim Hines,RB,2018
PL-0275,Phillip,Lindsay,Phillip Lindsay,RB,2018
RB-2350,Reggie,Bonnafon,Reggie Bonnafon,RB,2018
RF-1400,Royce,Freeman,Royce Freeman,RB,2018
RJ-2250,Ronald,Jones,Ronald Jones,RB,2018
RM-2050,Ray-Ray,McCloud,Ray-Ray McCloud,RB,2018
RN-0025,Ryan,Nall,Ryan Nall,RB,2018
RP-0550,Rashaad,Penny,Rashaad Penny,RB,2018
SB-0212,Saquon,Barkley,Saquon Barkley,RB,2018
SM-2625,Sony,Michel,Sony Michel,RB,2018
TC-0325,Trenton,Cannon,Trenton Cannon,RB,2018
JW-6000,Jason,Witten,Jason Witten,TE,2003
BW-0700,Benjamin,Watson,Benjamin Watson,TE,2004
DW-0500,Delanie,Walker,Delanie Walker,TE,2006
ML-1500,Marcedes,Lewis,Marcedes Lewis,TE,2006
VD-0100,Vernon,Davis,Vernon Davis,TE,2006
GO-0100,Greg,Olsen,Greg Olsen,TE,2007
JC-4300,Jared,Cook,Jared Cook,TE,2009
JG-2900,Jimmy,Graham,Jimmy Graham,TE,2010
CC-2100,Charles,Clay,Charles Clay,TE,2011
KR-1200,Kyle,Rudolph,Kyle Rudolph,TE,2011
LK-0200,Lance,Kendricks,Lance Kendricks,TE,2011
LS-1550,Lee,Smith,Lee Smith,TE,2011
LS-1900,Luke,Stocker,Luke Stocker,TE,2011
VG-0300,Virgil,Green,Virgil Green,TE,2011
DC-0775,Derek,Carrier,Derek Carrier,TE,2012
GC-0350,Garrett,Celek,Garrett Celek,TE,2012
RE-0400,Rhett,Ellison,Rhett Ellison,TE,2012
DF-0550,Darren,Fells,Darren Fells,TE,2013
DH-1450,Demetrius,Harris,Demetrius Harris,TE,2013
JD-2550,Jack,Doyle,Jack Doyle,TE,2013
JH-4070,Josh,Hill,Josh Hill,TE,2013
LT-0550,Levine,Toilolo,Levine Toilolo,TE,2013
LW-1450,Luke,Willson,Luke Willson,TE,2013
RG-1870,Ryan,Griffin,Ryan Griffin,TE,2013
TE-0300,Tyler,Eifert,Tyler Eifert,TE,2013
TK-0150,Travis,Kelce,Travis Kelce,TE,2013
VM-0250,Vance,McDonald,Vance McDonald,TE,2013
ZE-0100,Zach,Ertz,Zach Ertz,TE,2013
CB-2775,Cameron,Brate,Cameron Brate,TE,2014
CM-0175,Chris,Manhertz,Chris Manhertz,TE,2014
EE-0050,Eric,Ebron,Eric Ebron,TE,2014
LT-0275,Logan,Thomas,Logan Thomas,TE,2014
SS-1525,Scott,Simonson,Scott Simonson,TE,2014
TB-3950,Trey,Burton,Trey Burton,TE,2014
XG-0100,Xavier,Grimble,Xavier Grimble,TE,2014
BB-1550,Blake,Bell,Blake Bell,TE,2015
BK-1050,Ben,Koyack,Ben Koyack,TE,2015
CU-0150,C.J.,Uzomah,C.J. Uzomah,TE,2015
CW-0225,Clive,Walford,Clive Walford,TE,2015
DB-4387,Daniel,Brown,Daniel Brown,TE,2015
DW-0675,Darren,Waller,Darren Waller,TE,2015
ET-0375,Eric,Tomlinson,Eric Tomlinson,TE,2015
GS-1400,Geoff,Swaim,Geoff Swaim,TE,2015
JH-3625,Jeff,Heuerman,Jeff Heuerman,TE,2015
JJ-0725,Jesse,James,Jesse James,TE,2015
JO-0150,James,O'Shaughnessy,James O'Shaughnessy,TE,2015
ML-0050,Matt,LaCosse,Matt LaCosse,TE,2015
MP-2350,MyCole,Pruitt,MyCole Pruitt,TE,2015
MW-2450,Maxx,Williams,Maxx Williams,TE,2015
NB-0450,Nick,Boyle,Nick Boyle,TE,2015
NO-0150,Nick,O'Leary,Nick O'Leary,TE,2015
RT-1550,Ross,Travis,Ross Travis,TE,2015
TK-0850,Tyler,Kroft,Tyler Kroft,TE,2015
AH-3650,Austin,Hooper,Austin Hooper,TE,2016
BB-2712,Ben,Braunecker,Ben Braunecker,TE,2016
HH-0225,Hunter,Henry,Hunter Henry,TE,2016
JH-5150,J.P.,Holtz,J.P. Holtz,TE,2016
JP-2075,Josh,Perkins,Josh Perkins,TE,2016
JV-0050,Jason,Vander Laan,Jason Vander Laan,TE,2016
NV-0050,Nick,Vannett,Nick Vannett,TE,2016
SD-0534,Seth,DeValve,Seth DeValve,TE,2016
TH-1550,Tyler,Higbee,Tyler Higbee,TE,2016
AA-0581,Antony,Auclair,Antony Auclair,TE,2017
AF-0550,Anthony,Firkser,Anthony Firkser,TE,2017
AS-0775,Adam,Shaheen,Adam Shaheen,TE,2017
BJ-0950,Blake,Jarwin,Blake Jarwin,TE,2017
CC-0775,Cethan,Carter,Cethan Carter,TE,2017
DA-1650,Dan,Arnold,Dan Arnold,TE,2017
DD-0075,Darrell,Daniels,Darrell Daniels,TE,2017
DN-1225,David,Njoku,David Njoku,TE,2017
EE-0400,Evan,Engram,Evan Engram,TE,2017
ES-0250,Eric,Saubert,Eric Saubert,TE,2017
GE-0400,Gerald,Everett,Gerald Everett,TE,2017
GK-0075,George,Kittle,George Kittle,TE,2017
JH-4850,Jacob,Hollister,Jacob Hollister,TE,2017
JM-6775,Johnny,Mundt,Johnny Mundt,TE,2017
JS-4550,Jonnu,Smith,Jonnu Smith,TE,2017
JS-5475,Jeremy,Sprinkle,Jeremy Sprinkle,TE,2017
MA-0487,Mo,Alie-Cox,Mo Alie-Cox,TE,2017
OH-0250,O.J.,Howard,O.J. Howard,TE,2017
PB-0725,Pharaoh,Brown,Pharaoh Brown,TE,2017
RS-0687,Ricky,Seals-Jones,Ricky Seals-Jones,TE,2017
RT-1250,Robert,Tonyan Jr.,Robert Tonyan Jr.,TE,2017
SC-1850,Sean,Culkin,Sean Culkin,TE,2017
TS-3662,Tyrone,Swoopes,Tyrone Swoopes,TE,2017
CH-2950,Chris,Herndon,Chris Herndon,TE,2018
DG-1287,Dallas,Goedert,Dallas Goedert,TE,2018
DS-0850,Dalton,Schultz,Dalton Schultz,TE,2018
DS-3137,Durham,Smythe,Durham Smythe,TE,2018
DY-0075,Deon,Yelder,Deon Yelder,TE,2018
HH-0350,Hayden,Hurst,Hayden Hurst,TE,2018
IT-0150,Ian,Thomas,Ian Thomas,TE,2018
JA-0462,Jordan,Akins,Jordan Akins,TE,2018
JG-2687,Jaeden,Graham,Jaeden Graham,TE,2018
JT-1775,Jordan,Thomas,Jordan Thomas,TE,2018
MA-1050,Mark,Andrews,Mark Andrews,TE,2018
MG-0325,Mike,Gesicki,Mike Gesicki,TE,2018
RD-2300,Ross,Dwelley,Ross Dwelley,TE,2018
RI-0500,Ryan,Izzo,Ryan Izzo,TE,2018
TC-2375,Tyler,Conklin,Tyler Conklin,TE,2018
TF-1500,Troy,Fumagalli,Troy Fumagalli,TE,2018
TH-2875,Tanner,Hudson,Tanner Hudson,TE,2018
WD-0550,Will,Dissly,Will Dissly,TE,2018
LF-0200,Larry,Fitzgerald,Larry Fitzgerald,WR,2004
TG-0900,Ted,Ginn,Ted Ginn,WR,2007
DA-0900,Danny,Amendola,Danny Amendola,WR,2008
DJ-0200,DeSean,Jackson,DeSean Jackson,WR,2008
MS-2100,Matthew,Slater,Matthew Slater,WR,2008
JE-0100,Julian,Edelman,Julian Edelman,WR,2009
MC-2900,Michael,Crabtree,Michael Crabtree,WR,2009
AB-3500,Antonio,Brown,Antonio Brown,WR,2010
AR-1100,Andre,Roberts,Andre Roberts,WR,2010
DT-0900,Demaryius,Thomas,Demaryius Thomas,WR,2010
ES-0200,Emmanuel,Sanders,Emmanuel Sanders,WR,2010
GT-0100,Golden,Tate,Golden Tate,WR,2010
CH-3350,Chris,Hogan,Chris Hogan,WR,2011
DH-1800,Dwayne,Harris,Dwayne Harris,WR,2011
DI-0075,Dontrelle,Inman,Dontrelle Inman,WR,2011
JJ-4700,Julio,Jones,Julio Jones,WR,2011
RC-1500,Randall,Cobb,Randall Cobb,WR,2011
AJ-0430,Alshon,Jeffery,Alshon Jeffery,WR,2012
CB-1130,Cole,Beasley,Cole Beasley,WR,2012
JB-2950,Josh,Bellamy,Josh Bellamy,WR,2012
JG-2450,Josh,Gordon,Josh Gordon,WR,2012
JW-6560,Jarius,Wright,Jarius Wright,WR,2012
MJ-2250,Marvin,Jones,Marvin Jones,WR,2012
MS-0150,Mohamed,Sanu,Mohamed Sanu,WR,2012
TB-1060,Travis,Benjamin,Travis Benjamin,WR,2012
TH-1850,T.Y.,Hilton,T.Y. Hilton,WR,2012
AT-0350,Adam,Thielen,Adam Thielen,WR,2013
CP-0750,Cordarrelle,Patterson,Cordarrelle Patterson,WR,2013
DH-3950,DeAndre,Hopkins,DeAndre Hopkins,WR,2013
JB-6750,Jaron,Brown,Jaron Brown,WR,2013
KA-0650,Keenan,Allen,Keenan Allen,WR,2013
KS-2350,Kenny,Stills,Kenny Stills,WR,2013
MG-1050,Marquise,Goodwin,Marquise Goodwin,WR,2013
RS-0975,Russell,Shepard,Russell Shepard,WR,2013
RW-4050,Robert,Woods,Robert Woods,WR,2013
TA-1050,Tavon,Austin,Tavon Austin,WR,2013
AH-3900,Allen,Hurns,Allen Hurns,WR,2014
AR-1250,Allen,Robinson,Allen Robinson,WR,2014
AW-1650,Albert,Wilson,Albert Wilson,WR,2014
BC-2325,Brandin,Cooks,Brandin Cooks,WR,2014
BF-0950,Bennie,Fowler,Bennie Fowler,WR,2014
CL-0275,Cody,Latimer,Cody Latimer,WR,2014
DA-0212,Davante,Adams,Davante Adams,WR,2014
DM-2775,Donte,Moncrief,Donte Moncrief,WR,2014
DS-3187,Diontae,Spencer,Diontae Spencer,WR,2014
DT-0850,De'Anthony,Thomas,De'Anthony Thomas,WR,2014
JB-6950,John,Brown,John Brown,WR,2014
JL-0215,Jarvis,Landry,Jarvis Landry,WR,2014
JM-1550,Jordan,Matthews,Jordan Matthews,WR,2014
ME-0600,Mike,Evans,Mike Evans,WR,2014
ML-0650,Marqise,Lee,Marqise Lee,WR,2014
OB-0075,Odell,Beckham Jr.,Odell Beckham Jr.,WR,2014
PR-0150,Paul,Richardson,Paul Richardson,WR,2014
QE-0100,Quincy,Enunwa,Quincy Enunwa,WR,2014
RG-1650,Ryan,Grant,Ryan Grant,WR,2014
SR-0750,Seth,Roberts,Seth Roberts,WR,2014
SW-0450,Sammy,Watkins,Sammy Watkins,WR,2014
TG-0025,Taylor,Gabriel,Taylor Gabriel,WR,2014
TJ-2350,T.J.,Jones,T.J. Jones,WR,2014
WS-0925,Willie,Snead,Willie Snead,WR,2014
AC-2350,Amari,Cooper,Amari Cooper,WR,2015
AH-3862,Adam,Humphries,Adam Humphries,WR,2015
BP-0450,Breshad,Perriman,Breshad Perriman,WR,2015
CC-3950,Chris,Conley,Chris Conley,WR,2015
DB-6375,Damiere,Byrd,Damiere Byrd,WR,2015
DC-1050,DeAndre,Carter,DeAndre Carter,WR,2015
DF-2200,Devin,Funchess,Devin Funchess,WR,2015
DJ-0850,Darius,Jennings,Darius Jennings,WR,2015
DP-0350,DeVante,Parker,DeVante Parker,WR,2015
DS-3031,Devin,Smith,Devin Smith,WR,2015
DW-2350,DeAndrew,White,DeAndrew White,WR,2015
GD-0050,Geremy,Davis,Geremy Davis,WR,2015
JC-5680,Jamison,Crowder,Jamison Crowder,WR,2015
JH-1350,Justin,Hardy,Justin Hardy,WR,2015
JK-2250,Jake,Kumerow,Jake Kumerow,WR,2015
JN-0625,J.J.,Nelson,J.J. Nelson,WR,2015
NA-0050,Nelson,Agholor,Nelson Agholor,WR,2015
PD-0800,Phillip,Dorsett,Phillip Dorsett,WR,2015
SD-0537,Stefon,Diggs,Stefon Diggs,WR,2015
TL-1025,Tyler,Lockett,Tyler Lockett,WR,2015
TW-2875,Tyrell,Williams,Tyrell Williams,WR,2015
AE-1037,Alex,Erickson,Alex Erickson,WR,2016
CC-4450,Cody,Core,Cody Core,WR,2016
CM-2675,Chris,Moore,Chris Moore,WR,2016
CR-1525,Chester,Rogers,Chester Rogers,WR,2016
DR-2225,Demarcus,Robinson,Demarcus Robinson,WR,2016
DW-2850,D'haquille,Williams,D'haquille Williams,WR,2016
GA-0250,Geronimo,Allison,Geronimo Allison,WR,2016
JG-2950,Jakeem,Grant,Jakeem Grant,WR,2016
JH-5125,Johnny,Holton,Johnny Holton,WR,2016
JM-3475,J.D.,McKissic,J.D. McKissic,WR,2016
JM-4175,Jaydon,Mickens,Jaydon Mickens,WR,2016
KR-0312,Kalif,Raymond,Kalif Raymond,WR,2016
LT-0862,Laquon,Treadwell,Laquon Treadwell,WR,2016
MH-0225,Marvin,Hall,Marvin Hall,WR,2016
MJ-1450,Marcus,Johnson,Marcus Johnson,WR,2016
MT-0875,Michael,Thomas,Michael Thomas,WR,2016
MT-0887,Mike,Thomas,Mike Thomas,WR,2016
PC-0625,Pharoh,Cooper,Pharoh Cooper,WR,2016
RA-1125,Robby,Anderson,Robby Anderson,WR,2016
RH-1950,Rashard,Higgins,Rashard Higgins,WR,2016
SS-1250,Sterling,Shepard,Sterling Shepard,WR,2016
TB-2075,Tyler,Boyd,Tyler Boyd,WR,2016
TD-0737,Trevor,Davis,Trevor Davis,WR,2016
TH-1750,Tyreek,Hill,Tyreek Hill,WR,2016
TJ-2650,Tevin,Jones,Tevin Jones,WR,2016
TS-1262,Tajae,Sharpe,Tajae Sharpe,WR,2016
WF-0300,Will,Fuller,Will Fuller,WR,2016
AC-0387,Austin,Carr,Austin Carr,WR,2017
AP-0388,Andre,Patton,Andre Patton,WR,2017
BW-2475,Bobo,Wilson,Bobo Wilson,WR,2017
CB-1750,C.J.,Board,C.J. Board,WR,2017
CD-0975,Corey,Davis,Corey Davis,WR,2017
CG-1425,Chris,Godwin,Chris Godwin,WR,2017
CG-2162,Cyril,Grayson,Cyril Grayson,WR,2017
CH-3775,Cody,Hollister,Cody Hollister,WR,2017
CK-1300,Cooper,Kupp,Cooper Kupp,WR,2017
CS-0050,Curtis,Samuel,Curtis Samuel,WR,2017
CW-2450,Chad,Williams,Chad Williams,WR,2017
DM-3050,David,Moore,David Moore,WR,2017
DW-2275,Dede,Westbrook,Dede Westbrook,WR,2017
FB-0750,Fred,Brown,Fred Brown,WR,2017
GW-0250,Greg,Ward Jr.,Greg Ward Jr.,WR,2017
IF-0175,Isaiah,Ford,Isaiah Ford,WR,2017
IM-0125,Isaiah,McKenzie,Isaiah McKenzie,WR,2017
JN-0350,JoJo,Natson,JoJo Natson,WR,2017
JR-1950,Josh,Reynolds,Josh Reynolds,WR,2017
JR-3280,John,Ross,John Ross,WR,2017
JS-4750,Juju,Smith-Schuster,Juju Smith-Schuster,WR,2017
KB-1625,Kendrick,Bourne,Kendrick Bourne,WR,2017
KC-1550,Keelan,Cole,Keelan Cole,WR,2017
KG-0650,Kenny,Golladay,Kenny Golladay,WR,2017
KH-2075,Krishawn,Hogan,Krishawn Hogan,WR,2017
MH-3050,Mack,Hollins,Mack Hollins,WR,2017
MW-2825,Mike,Williams,Mike Williams,WR,2017
RD-0150,Rashard,Davis,Rashard Davis,WR,2017
RD-0450,Robert,Davis,Robert Davis,WR,2017
RS-3525,Ryan,Switzer,Ryan Switzer,WR,2017
TP-0675,Tim,Patrick,Tim Patrick,WR,2017
TT-0150,Taywan,Taylor,Taywan Taylor,WR,2017
ZJ-0100,Zay,Jones,Zay Jones,WR,2017
ZP-0050,Zach,Pascal,Zach Pascal,WR,2017
AC-0237,Antonio,Callaway,Antonio Callaway,WR,2018
AL-0387,Allen,Lazard,Allen Lazard,WR,2018
AM-1975,Anthony,Miller,Anthony Miller,WR,2018
AT-0247,Auden,Tate,Auden Tate,WR,2018
BB-1950,Braxton,Berrios,Braxton Berrios,WR,2018
BP-1375,Byron,Pringle,Byron Pringle,WR,2018
BZ-0100,Brandon,Zylstra,Brandon Zylstra,WR,2018
CB-1152,Chad,Beebe,Chad Beebe,WR,2018
CB-1650,Christian,Blake,Christian Blake,WR,2018
CK-0825,Christian,Kirk,Christian Kirk,WR,2018
CL-0125,Chris,Lacy,Chris Lacy,WR,2018
CM-1650,Codey,McElroy,Codey McElroy,WR,2018
CR-0862,Calvin,Ridley,Calvin Ridley,WR,2018
CS-1925,Cam,Sims,Cam Sims,WR,2018
CS-4462,Courtland,Sutton,Courtland Sutton,WR,2018
CW-3250,Cedrick,Wilson,Cedrick Wilson,WR,2018
DB-5912,Deontay,Burnett,Deontay Burnett,WR,2018
DC-0025,Deon,Cain,Deon Cain,WR,2018
DC-1418,D.J.,Chark,D.J. Chark,WR,2018
DH-1050,DaeSean,Hamilton,DaeSean Hamilton,WR,2018
DM-2850,D.J.,Moore,D.J. Moore,WR,2018
DP-1263,Dante,Pettis,Dante Pettis,WR,2018
DR-0550,Damion,Ratley,Damion Ratley,WR,2018
DS-0875,Da'Mari,Scott,Da'Mari Scott,WR,2018
JS-1350,Jaleel,Scott,Jaleel Scott,WR,2018
JW-0934,James,Washington,James Washington,WR,2018
JW-1050,Justin,Watson,Justin Watson,WR,2018
JW-5475,Javon,Wims,Javon Wims,WR,2018
KC-2375,Keke,Coutee,Keke Coutee,WR,2018
KH-2025,Khadarel,Hodge,Khadarel Hodge,WR,2018
MA-1287,Marcell,Ateman,Marcell Ateman,WR,2018
MG-0175,Michael,Gallup,Michael Gallup,WR,2018
MT-2350,Malik,Turner,Malik Turner,WR,2018
MV-0012,Marquez,Valdes-Scantling,Marquez Valdes-Scantling,WR,2018
RF-1075,Robert,Foster,Robert Foster,WR,2018
RG-0012,Rico,Gafford,Rico Gafford,WR,2018
RG-0025,Russell,Gage,Russell Gage,WR,2018
RJ-0450,Richie,James,Richie James,WR,2018
SM-2825,Steven,Mitchell,Steven Mitchell,WR,2018
TQ-0100,Trey,Quinn,Trey Quinn,WR,2018
TS-1425,Trent,Sherfield,Trent Sherfield,WR,2018
TS-2425,Tre'Quan,Smith,Tre'Quan Smith,WR,2018
VS-0175,Vyncint,Smith,Vyncint Smith,WR,2018